url,post_id,post_type,in_inventory,title,title_len,description,desc_len,over_limit,og_media
https://www.roarsinc.com,7,home,yes,Product Development Company for Startups & SMEs | Roars,55,"Roars is a product development company helping startups & SMEs build AI-powered apps, MVPs, and digital products since 2005. Let's build yours.",143,,https://www.roarsinc.com/wp-content/uploads/2022/08/user-experience-design-agency.jpg
https://www.roarsinc.com/elementor-hf/single_circle1/,137,elementor-hf,no,Roars wins Platinum and Gold award at the Muse Awards 2019,58,"Roars Technologies has been feted at the prestigious Muse Awards, an international competition for creative professionals who possess the unique ability to inspire with a concept, idea or design – whether through traditional materials or electronic media.",255,desc,
https://www.roarsinc.com/?p=6630,6630,revision,no,Pitching Checklist - Deliver a powerful pitch,45,The pitching checklist is a tool designed to help you improve your pitch. It contains key elements to include at different points in your storyline. ,149,,
https://www.roarsinc.com/?p=6636,6636,revision,no,Evidence Planning - Defining the outcomes from work,51,The Evidence Planning tool is a quick way to help articulate and improve what you are trying to accomplish.,107,,
https://www.roarsinc.com/?p=6640,6640,revision,no,SWOT Analysis - Evoluting how you doing and options,51,"A SWOT analysis can be carried out for a specific project, organisation or even a whole sector.",95,,
https://www.roarsinc.com/?p=6643,6643,revision,no,Innovation Flowchart - Tool helps to you spot opportunities,59,"The Innovation Flowchart gives a detailed overview of the various stages in an innovation process, listing the activities, requirements and goals of each stage.",160,,
https://www.roarsinc.com/?p=6648,6648,revision,no,Business Model Canvas - what you go about doing,47,"The Business Model Canvas is a one page overview that lays out both what you do (or want to do), and how you go about doing it .",128,,
https://www.roarsinc.com/?p=6653,6653,revision,no,Learning Loop | Guides | Problem Discovery | Roars,50,Using Learning Loop tool can help understand the different phases involved when trying to implementyour ideas.,110,,
https://www.roarsinc.com/?p=6656,6656,revision,no,Problem Definition - Define the wider context and associated issue,66,Problem definition works to both open a problem up – presenting it in a way that can be examined from a number of angles.,121,title,
https://www.roarsinc.com/?p=6680,6680,revision,no,Product Solution Benefit- magical solutions for there problems.,63,Product solution benefits helps to find out customer pain points and How you can solve there pain points by giving them magical solutions.,138,,
https://www.roarsinc.com/?p=6688,6688,revision,no,Value Proposition | Find out value proposition for your products.,65,Value proposition template helps to identitfy problem customer facing while using product and what are solution for them.,121,,
https://www.roarsinc.com/?p=6691,6691,revision,no,Business Plan | Guide | Business Model,38,A Business Plan is often essential when trying to convince potential funders who want to know where their money will be going.,126,,
https://www.roarsinc.com/?p=6695,6695,revision,no,Target Group - Gain Better Insight Into The Groups Of People,60,"Target Group is probably best used when you are trying to work out some initial ideas about who you want to cater to, and why.",126,,
https://www.roarsinc.com/?p=6699,6699,revision,no,Prototype Testing Plan | Roars Technologies,43,The Prototype Testing plan also helps structure the testing process. It is most efficient if you go through a structured series of steps.,137,,
https://www.roarsinc.com/?elementor_library=people-and-connections-map,6805,elementor_library,no,People and Connections Map,26,Startup resources to use People and Connections Map is a quick and simple way to visualise exactly who you are trying to reach and how.,135,,
https://www.roarsinc.com/?p=7401,7401,revision,no,Logistics and Transportation App Development Company,52,"Track, analyze, and manage your operations with our enterprise logistics & Transportation App Development solutions. ",117,,
https://www.roarsinc.com/work/gypsy/attachment/concierge-app-development-3/,7402,attachment,no,On Demand Mobile Concierge App Development Company,50,Mobile concierge app development from Roars to prioritize customer experience and gaina competitive edge in the long run. Contact us now!,137,,
https://www.roarsinc.com/?p=7439,7439,revision,no,Travel & Hospitality App Development Company in USA,51,We leverage innovative technology advancement to transform travel and hospitality app development.,98,,
https://www.roarsinc.com/?p=7448,7448,revision,no,eCommerce Development For Web And Mobile App Development,56,Retail eCommerce Development web mobile app development for many ecommerce companies to reach their business goals. Contact us for free quote.,142,,
https://www.roarsinc.com/?p=7456,7456,revision,no,Fitness App Development Company | Health & Fitness App Developer,64,Best fitness mobile app development solutions by Roars. Custom healthcare & fitness app development company. Get a free quote today.,132,,
https://www.roarsinc.com/?p=7469,7469,revision,no,SaaS Application Development Services | Cloud-Based SaaS Applications,69,Our end-to-end approach to SaaS application development services can help you build industry-leading software-as-a-service applications that offer significant benefits over traditional app development.,201,title,
https://www.roarsinc.com/startup-consultant-services/,725,page,yes,Consulting Services for Startups | Expert Startup Support,57,Offering top consulting services for startups. Get strategic guidance and expert consulting for a startup from idea to launch with Roars.,137,,
https://www.roarsinc.com/our-journal/top-20-most-promising-ui-ux-companies/,5090,post,yes,Award Winning UI-UX Companies in India for your Startup / Business,66,"As an award winning UI-UX Companies in India, the UI-UX plays a decisive role in determ_titleining the number of downloads and data points collected.",149,title,
https://www.roarsinc.com/work/go-champions-go/,5099,post,yes,Steps Tracking App | Fitness Tracking App,41,This Steps Tracking App takes a proactive approach towards ensuring better employee health and fitness levels. Corporations try many different routes to improve employees’ happiness index.,188,desc,
https://www.roarsinc.com/industries/education-mobile-app-development/attachment/wireframes-basics-product-development-2/,5235,attachment,no,Wireframe basics and Importantance in Product Development,57,"Learn more about what are wireframe, the basics, and how important wireframe is during product development and to boost your business.",134,,
https://www.roarsinc.com/industries/food-restaurant-app-development/,5199,industries,yes,Food Restaurant App Development Services,40,"Looking for Food Restaurant App Development? Top notch ui ux design, web & mobile app development to reach your food & restaurant business goals. Get Quote Now.",160,,
https://www.roarsinc.com/?elementor_library=user-experience-map,5269,elementor_library,no,What Exactly is an user Experience Map? | UX Design,51,User Experience Map deisng map is as the name suggests a map that tracks the experience of a buyer through the buyer''s journey. Find out how it is connected to the journey.,173,desc,
https://www.roarsinc.com/?elementor_library=saas-in-1,5273,elementor_library,no,Startup Looking for Funding Need to Know This | Startup Consultant,66,A startup often looks for funding in order to put its venture on the growth track and boost business. Read what expert Startup Consultation agency has to say.,158,title,
https://www.roarsinc.com/?elementor_library=saas-in-2,5276,elementor_library,no,Difference Between User Experience Vs Customer Experience ,58,"What is the difference between User experience and Customer experience? It is a subset-super set relationship. Which is which, find out here.",141,,
https://www.roarsinc.com/?elementor_library=saas-in-4,5283,elementor_library,no,MVP Development: One Thing That No One is Talking About,55,"MVP development is a known concept in the market. But what is that one thing that no one is talking about? Is it functionality, usability or UI/UX design.",154,,
https://www.roarsinc.com/?elementor_library=saas-in-6,5289,elementor_library,no,Minimum Viable Product (MVP) | Brilliant Success Stories,56,"Read about the success stories that a simple MVP brought about for these multi-million dollar companies: Airbnb, Foursquare, Dropbox",132,,
https://www.roarsinc.com/?elementor_library=education-in-5,5425,elementor_library,no,Loyalty Reward Program App | Mobile App Development - Roars,59,The President''s Club is a loyalty reward program app developed and designed by Roars. Get an insight of thinking process of an award winning design agency.,156,,
https://www.roarsinc.com/?elementor_library=healthcare-in-1,5429,elementor_library,no,Mobile App Development and IoT effect | Roars Technologies,58,IoT has made a profound impact on mobile app development companies leading them to continuously innovate and create functional and useful apps.,143,,
https://www.roarsinc.com/?elementor_library=data-analytics-delightful-cx,5444,elementor_library,no,Precursor to Delightful CX with Data Analytics - Roars Technologies,67,"To build customer relationship and delightful customer experience and to know exactly what to sell to whom, data analytics is the key to success.",145,title,
https://www.roarsinc.com/industries/travel-and-hospitality-app-development/,5224,industries,yes,Travel & Hospitality App Development Company in UK,50,We leverage innovative technology advancement to transform travel and hospitality app development services. We provide best in class App for your business,154,,
https://www.roarsinc.com/industries/concierge-app-development/,5227,industries,yes,On Demand Mobile Concierge App Development Company,50,Mobile concierge app development from Roars to prioritize customer experience and gaina competitive edge in the long run. Contact us now!,137,,
https://www.roarsinc.com/industries/healthcare-app-development-company/,5240,industries,yes,Healthcare App Development Company in UK,40,"We offer Healthcare App Development Software which can be used by professionals to track and optimize every aspect of clinical, financial, and operational activities.",166,desc,
https://www.roarsinc.com/industries/saas-application-development-services/,5214,industries,yes,Cloud-Based SaaS Applications Development Services in UK,56,Our end-to-end approach to SaaS application development services can help you build industry-leading software-as-a-service applications.,136,,
https://www.roarsinc.com/industries/on-demand-fitness-app-development/,5217,industries,yes,Health and Fitness App Development Company in UK,48,Best fitness mobile app development services by Roars. Custom healthcare & fitness app development company. Get a free quote today.,131,,
https://www.roarsinc.com/?elementor_library=blockchain-bitcoin-one-betting-money,5552,elementor_library,no,Should You Be Put Your Money On Bitcoin?,40,"So, which one should you be betting your money on: bitcoin or blockchain? These disruptive ideas are creating some real storm in the tech world.",144,,
https://www.roarsinc.com/?elementor_library=what-are-crypto-token,5564,elementor_library,no,What Are Crypto-Token or Alt coins,34,"Think of crypto-token as a tradable good that you receive by trading in your bitcoins. They could be in the form of anything like certificates, coins, points. ",159,,
https://www.roarsinc.com/?elementor_library=innovation-design-s-1,5591,elementor_library,no,Why Investing In An AI-Powered Platform is good | Startup Tips,62,"AI is making inroads into major industries and it''s B2C''s turn next. Does your business have an AI-powered platform ready, yet? Read more startup tips.",153,,
https://www.roarsinc.com/s/digital-business-transformation-services/,5462,service,yes,Expert Digital Business Transformation Services,47,Drive growth and innovation with Roars Inc.’s digital business transformation services tailored to optimize your operations and digital strategy.,145,,
https://www.roarsinc.com/?elementor_library=mvp-s-2,5628,elementor_library,no,Product Designing & Development Goes Beyond Design,50,Product designing consists of a number of skills and roles. Product designing and developing a digital product is not just about creating a rough sketch then adding design aspects to it.,186,desc,
https://www.roarsinc.com/?elementor_library=mvp-s-4,5634,elementor_library,no,To Design Native or Not - Difficult Designing Decisions | Design Agency,71,"Often when building apps, designers are faced with a difficult decision. Whether or not to have a native app design. As an award winning design agency know what is the best option?",180,title,
https://www.roarsinc.com/?elementor_library=building-intuitive-mobile-app,5644,elementor_library,no,Building Intuitive Mobile App Experiences | User Experience Design,66,Have an innovative business idea? Would you like to build a intuitive mobile app around it? Roars Technologies hepy you for build a intuitive mobile app ,153,title,
https://www.roarsinc.com/?elementor_library=cover-user-experience,5647,elementor_library,no,What Role Does Usability Research Play in UX Designing?,55,"UX designing is key to an app''s success. If you can hit the bull''s eye with your user experience designing, you can say your app has made it.",143,,
https://www.roarsinc.com/s/digital-business-transformation-services/attachment/will-bitcoin-last-long-2/,5663,attachment,no,How Bitcoin Long Is It Going to Last?,37,"With the continuous speculation that occurs in the bitcoin domain, chances are that quite a few of us have invested or at least, has thought of investing into it",161,,
https://www.roarsinc.com/s/digital-business-transformation-services/attachment/product-idea-can-just-one-week-2/,5667,attachment,no,First step of Product idea Development for your Startup,55,"By testing your product idea first, even before you build your MVP, you can ensure that your prototype is way better prepared before it’s up for testing.",153,,
https://www.roarsinc.com/?elementor_library=web-app-s-3,5674,elementor_library,no,Machine Learning - Walking into the Land of Artificial Intelligence,67,"AI and machine learning have become buzz words in the technology arena, these days. As much as they are trending on Google searches and on various social media handles",167,title,
https://www.roarsinc.com/s/ecommerce-development-company/,5680,service,yes,Best eCommerce Development Company,34,Best eCommerce development company for Hire eCommerce expert & experienced web developers at reasonable cost. Get in touch with Roars Technologies!,147,,
https://www.roarsinc.com/s/growth-hacking-agency/,5686,service,yes,Professional Digital Marketing Growth Hacking Agency,52,"We are one of the preferred Growth hacking agency. Looking for SEO, PPC, Social media or email marketing? we provide 360° digital marketing service to SMEs.",156,,
https://www.roarsinc.com/s/innovation-design-company/attachment/find-right-product-design-innovation-2/,5699,attachment,no,Find The Right Product Design Innovation Agency,47,"Product Design Innovation is key to an app’s success. If you can hit the bull’s eye with your UI / UX designing, you can say your app has made it",145,,
https://www.roarsinc.com/s/mobile-app-development/,5705,service,yes,Expert Mobile App development company,37,Looking for an expert mobile app development company that offers top-notch mobile app development solutions? We specialize in developing cutting-edge mobile apps.,162,,
https://www.roarsinc.com/s/mvp-development/,5720,service,yes,MVP Development Service Provider Company,40,Looking for expert MVP Development Services to validate your idea? We help you build high-quality solutions and a successful minimum viable product.,148,,
https://www.roarsinc.com/s/result-oriented-devops-services/,5770,service,yes,Result Oriented DevOps as a Services USA,40,"Accelerate software delivery with expert DevOps as a service solutions. Roars, trusted DevOps agency offers. CI/CD, automation & cloud DevOps to streamline your operations.",172,desc,
https://www.roarsinc.com/s/user-experience-design-agency/,5784,service,yes,User Experience Design Service provider Agency,46,Award-winning User Experience design service provider agency. We craft modern user experiences with client-focused UX design services. Contact us Now.,150,,
https://www.roarsinc.com/?p=6596,6596,revision,no,Startup Resources | Startup Tools | Startup Templates,53,"Free Resources for innovation, PDF guides, with examples, templates for startup and product development firm.",109,,
https://www.roarsinc.com/?p=7005,7005,revision,no,,0,Product launch mistake made by startup. Startup needs to resemble a reverse funnel,82,,
https://www.roarsinc.com/s/web-app-development/,5791,service,yes,Top Web App Development Company in USA | Roars Technologies,59,"Leverage our end-to-end web app development services to build secure, robust, and user-friendly web applications, portals, or solutions in accordance with your business requirements.",182,desc,
https://www.roarsinc.com/about-us/,539,page,yes,"Learn More About Ai Automation Company Roars Vision, Team & Values",66,"Discover who we are on our About Us page. Explore Roars' mission, values, and the passionate team driving innovation in digital product development.",148,title,
https://www.roarsinc.com/contact-us/,1207,page,yes,Contact Us – Connect with Roars for Project Inquiries,53,"Have a project in mind? Contact us to discuss your idea, request a quote, or learn more about our digital product development services at Roars.",144,,
https://www.roarsinc.com/elementor-hf/single_circle1/attachment/service-worth-best-business-marketing-2/,5926,attachment,no,Knowing Product/Service Worth for Best Business Marketing Strategy,66,"Wealth and worth are two different aspects of any business marketing. While one determ_titleines the financial earnings and gains, the other is an estimate of the value or significance.",185,title,
https://www.roarsinc.com/uncategorized/hello-elementor/,29,custom_css,no,Agile Minimum Viable Product – Learn Faster To Deliver Better!,62,Agile Minimum Viable Product has emerged as the most effective approach to product development because getting the better product in the customer’s hands faster than others is the untold secret of startup success.,213,desc,
https://www.roarsinc.com/elementor-hf/header/,362,elementor-hf,no,Startup Product Development - How to Get inside Customers’ Head,63,Ideal product development Engaging new customers while retaining old ones is a product development strategy that is directly proportional to business success.,158,,
https://www.roarsinc.com/uncategorized/super-social/,6157,nav_menu_item,no,Social Engagement Mobile App Development | Influencers App Development,70,Roarsinc designed UI / UX of social engagement mobile app for Influencers & Social Marketing. Mobile app development case study from Roarsinc.com,145,title,
https://www.roarsinc.com/?p=6234,6234,revision,no,Residential Community App Design and Development Company,56,"Residential Community App development casestudy that makes handling residential gated community activities and utilities simple and easy. Roars Technologies, community mobile app development company.",199,desc,
https://www.roarsinc.com/?p=6312,6312,revision,no,Responsive Mobile App Development | club membership apps,56,Roars expert tech team ensured that the UX / UI of the club membership apps are as responsive and premium as the offering of their client.,138,,
https://www.roarsinc.com/?p=6410,6410,revision,no,Employee Loyalty Program & Rewards App Development | Roarsinc.com,65,"Employee Engagement App ,Reward management system bundled into a feature-rich app with neat UX/UI. Perfect for companies wanting to handle reward systems for employees easily.",175,desc,
https://www.roarsinc.com/?p=6413,6413,revision,no,Chatbot Development For Les Concierges| Bot App Design,54,The Roars product development team put together a neat UX/UI which can be easily used by employees across demographics. Designed and developed chatbot for Les Concierges,169,desc,
https://www.roarsinc.com/?p=6465,6465,revision,no,Roars wins Platinum and Gold award at the Muse Awards 2019,58,"Roars Technologies has been feted at the prestigious Muse Awards, an international competition for creative professionals who possess the unique ability to inspire with a concept, idea or design – whether through traditional materials or electronic media.",255,desc,
https://www.roarsinc.com/?p=6744,6744,revision,no,Mental Healthcare Mobile App Development | Roarsinc,51,"Roarsinc designed and developed Healthcare mobile app development to help people deal with Depression, Anexity, Mental Wellness and helps people to connect with certified therapist.",181,desc,
https://www.roarsinc.com/?elementor_library=product-launch-mistakes-startup-pros-avoid,6811,elementor_library,no,Product Launch Mistakes Startup Pros Avoid | Roars Technologies,63,Know what Startup Consultation agency has to say about product launch mistake made by startup. Startups / business needs to resemble a reverse funnel to get success on longer run.,179,desc,
https://www.roarsinc.com/?p=6824,6824,revision,no,Fitness App Development | Fitness App Design Casestudy,54,"We designed on-Demand Fitness App for Rowing, gym membership app and Virtual fitness app for Home Workout.",106,,
https://www.roarsinc.com/?p=6926,6926,revision,no,Creative Collabration Tool Development Casestudy,48,"Roarsinc design user-friendly Collabration Tool for creative people and hubs, Brainstorming technique/ideation process be your own creative lab, Dedicated SDG Research Tool, Workshops, Exhibitions, Publications.",211,desc,
https://www.roarsinc.com/our-journal/the-presidents-club-2/,7006,post,yes,Blelp - Customer Reviews web design | Ratings Website Development ,66,Blelp - Read the complete casestudy of the Instagram Beauty and hair profiles Ratings and Reviews web design and development.,125,title,
https://www.roarsinc.com/?p=7008,7008,revision,no,Blelp - Customer Reviews web design | Ratings Website Development ,66,Blelp - Read the complete casestudy of the Instagram Beauty and hair profiles Ratings and Reviews web design and development.,125,title,
https://www.roarsinc.com/?p=7231,7231,revision,no,MVP Development Company | MVP Development Services in USA,57,"Looking to validate your MVP Development idea and its viability? We help you develop innovative, secure, and high-quality solutions that will help in optimizing your path to a successful minimum viable product. Having offices in UK, USA, Canada, India & Germany, we have vast talent according to your project requirement.",321,desc,
https://www.roarsinc.com/?p=7533,7533,revision,no,Top Product Development Company In USA | Roars Technologies,59,"Get your product development team assigned to you within hours. Start your agile product development journey with Roars technologies. Having global offices in USA, Canada, UK, India & Germany.",192,desc,
https://www.roarsinc.com/?p=7536,7536,revision,no,Hire Mobile App Development Company In USA | Roars Technologies,63,"Hire iOS and Android mobile application developer from USA, India, Canada, Germany, UK. Expert professional and experienced mobile app development company, serving clients across the globe for last 15+ Years.",208,desc,
https://www.roarsinc.com/work/gypsy/attachment/411drives-on-demand-car-loan-app-2/,7735,attachment,no,411drives - On-Demand Car Loan App Development,46,"We designed on-Demand Car loan App for people to take instant loan, Car Buy/ Sell App for canada.",97,,
https://www.roarsinc.com/?p=7815,7815,revision,no,Gypsy - On-Demand Travel App Development | Travel App Design Case study,71,We designed Gypsy on-Demand Travel App for people interested in travelling and share there stories with photo.,110,title,
https://www.roarsinc.com/?p=7873,7873,revision,no,Counter Cabinet - The game that gets everyone into politics,59,Counter Cabinet is a political game played between friends. It allows users to select members of their dream presidential cabinet.,130,,
https://www.roarsinc.com/?p=8206,8206,revision,no,Hire The Best Healthcare App Development Company | Roars Technologies,69,"If you want to hire the best healthcare app development company in 2022, then you want must read this blog, Roars Technologies completely describe how to hire a health care app development company in 2022.",205,title,
https://www.roarsinc.com/?p=8393,8393,revision,no,GISAID - Global Science Initiative And Primary Source,53,We developed tool for GISAID’s internal team so that they can have the access to the largest database of COVID-19. NCBI API was used to develop this tool to pull data from across the world.,189,desc,
https://www.roarsinc.com/?p=8428,8428,revision,no,Tuma- Send money to your loved ones via Mobile Wallet or Bank,61,"Tuma is a leading digital financial service provider for immigrants, enabling users to make person-to-person money transfers to a bank or wallet in over 100 countries. With the help of this platform, immigrants who live in Canada can choose to send money to over 70 currencies.",277,desc,
https://www.roarsinc.com/?p=8748,8748,revision,no,Clutch  Recognises  Roars Technologies Among The Top IT Consultants in India For 2022,85,"At Roars Technologies, we craft digital experiences that help ambitious brands grow. It has recently come to our attention that Clutch has recognized our service lines in IT and named us among the leading IT consultants in Bengaluru. ",234,title,
https://www.roarsinc.com/?p=8782,8782,revision,no,Minimum Viable Product | Benefits Of MVP Development ,53,"For the last couple of years, the Minimum viable product has been a crucial asset for business organizations. MVP gives excellent benefits to testing applications in the real world.",181,desc,
https://www.roarsinc.com/?p=8812,8812,revision,no,10 Easy Steps To eCommerce Website Development Process,54,Here we will focus on the foundation of eCommerce website development-related aspects. We will discuss some of the basic steps to developing an E-commerce website.,163,,
https://www.roarsinc.com/?p=8838,8838,revision,no,How To Hire Dedicated Developers | Complete Guide 2022,54,"Hire dedicated developers can be a daunting task, and it''s often difficult to find qualified candidates. Here are some tips to help you prepare.",145,,
https://www.roarsinc.com/?p=8877,8877,revision,no,6 Steps To Build Cloud-Based SaaS Application | Roars Technologies,66,This article will help you build a cloud-based SaaS application by following six steps that are outlined in the blog.,117,title,
https://www.roarsinc.com/?p=8899,8899,revision,no,9 Step To Make Healthcare Application | Types Of Healthcare App,63,Here Roasr Technology briefly describes the healthcare industry and also talk about how to make healthcare application and types of healthcare apps.,148,,
https://www.roarsinc.com/?p=7537,7537,revision,no,Top Web App Development Company in USA | Roars Technologies,59,"Leverage our end-to-end web app development services to build secure, robust, and user-friendly web applications, portals, or solutions in accordance with your business requirements. ",183,desc,
https://www.roarsinc.com/?p=7540,7540,revision,no,Hire Dedicated Developers In USA | Roars Technologies,53,"Scale and optimise your core business when you hire dedicated developers. Roars Help you the right time, budget and resource ratio to transform your business.",158,,
https://www.roarsinc.com/?p=7542,7542,revision,no,Best eCommerce Development Company In USA | Roars Technologies,62,"Hire eCommerce expert & experienced web developers at reasonable cost from best eCommerce development company based in Texas, USA. We Provide custom ecommerce development services, mCommerce Development, eCommerce Plugin & Integration and more. ",245,desc,
https://www.roarsinc.com/?p=7622,7622,revision,no,"Digital Marketing Growth Hacking Agency In Texas, USA | Roars Technologies",74,"Looking for SEO, PPC, Social media or email marketing we provide 360° digital marketing service to SMEs. One of the preferred Growth hacking agency in Texas, USA.",162,title,
https://www.roarsinc.com/user-experience-design-agency-3/,7625,attachment,no,"UX Design Agency / UI Design Agency in India, USA, Canada, Germany, UK",70,"We are award winning UI / UX design agency based in India, USA, UK Canada, Germany and serving clients across the globe. Build a consistent user experience design that delivers! We offer client-focused UX design services to create modern yet engaging digital experiences.",271,title,
https://www.roarsinc.com/?p=7634,7634,revision,no,"Innovation Design Company in TX, USA | Roars Technologies",57,"We are Innovation Design Company and Innovation Consulting Firms. Build the next-gen products, services, and experiences with innovative design. We are very well-known for creating a positive impact through our innovative design that people love.",246,desc,
https://www.roarsinc.com/?p=7637,7637,revision,no,Result Oriented DevOps Services In USA | Roars Technologies,59,"Stay ahead of competition with professional DevOps solutions. Roars is a trusted DevOps company, providing robust DevOps services that help businesses to bridge the gap between development and operations.",204,desc,
https://www.roarsinc.com/?p=7639,7639,revision,no,Digital Business Transformation Services In USA | Roar Technologies,67,Solve complex business problems at speed and scale with our innovative digital business transformation services. Get your free quote now!,137,title,
https://www.roarsinc.com/thankyou/,6239,page,yes,MVP Development Company | MVP Development Services in USA,57,"Looking to validate your MVP Development idea and its viability? We help you develop innovative, secure, and high-quality solutions that will help in optimizing your path to a successful minimum viable product. Having offices in UK, USA, Canada, India & Germany, we have vast talent according to your project requirement.",321,desc,
https://www.roarsinc.com/?page_id=1027,1027,page,no,Our Unique Approach to Product Design & Development,51,"Discover the Roars approach as a leading product development agency, delivering innovative, user-centric digital solutions that drive business success.",151,,
https://www.roarsinc.com/elementskit-content/dynamic-content-widget-fccca86-5cb766b/,2110,elementskit_content,no,Business Plan | Guide | Business Model,38,A Business Plan is often essential when trying to convince potential funders who want to know where their money will be going.,126,,
https://www.roarsinc.com/work/orderdirect/,7365,post,no,Logistics App Development Company,33,"Track, analyze, and manage your operations with our enterprise Logistics App Development Solutions. Our social media landing page helps you to easily access critical business insights and make data-driven decisions. Our solutions are designed to keep up with the ever-changing needs and trends of the Logistics Industry.",320,desc,
https://www.roarsinc.com/work/super-social/,7345,post,yes,Social media landing page | one link in Bio,43,Create attractive micro social media landing page in minutes with Super Social's D.I.Y. Social media landing page generator. Easily capture and publish access to any content you want others to see on your social media landing page. Get started today and maximize your online presence.,284,desc,
https://www.roarsinc.com/work/tanishq-data-analytics/,7342,post,yes,Tanishq - Data Analytics & Marketing Automation,47,Roars designed marketing automation data science and data analytics dashboard for Tanishq. That helps creating a lasting customer relationship and delightful customer experience by telling you exactly what to sell to whom.,222,desc,
https://www.roarsinc.com/work/reward-butler/,7340,post,yes,Employee Loyalty Program & Rewards App Development | Roarsinc.com,65,"Employee Engagement App ,Reward management system bundled into a feature-rich app with neat UX/UI. Perfect for companies wanting to handle reward systems for employees easily.",175,desc,
https://www.roarsinc.com/work/411drives-on-demand-car-loan-app/,7363,post,yes,411drives - On-Demand Car Loan App Development,46,"We designed on-Demand Car loan App for people to take instant loan, Car Buy/ Sell App for canada.",97,,
https://www.roarsinc.com/our-journal/healthcare-app-development-company/,7003,post,yes,The Ultimate Guide to Hiring a Healthcare App Development Company,65,"Discover how to choose the right healthcare app development company to build secure, compliant, and user-friendly apps that improve patient care and business growth.",165,,
https://www.roarsinc.com/?elementor_library=home-page-section10,6823,elementor_library,no,Fitness App Development | Fitness App Design Casestudy,54,"We designed on-Demand Fitness App for Rowing, gym membership app and Virtual fitness app for Home Workout.",106,,
https://www.roarsinc.com/our-journal/clutch-recognizes-roars-technologies-top-it-services-in-india/,6921,post,yes,Clutch  Recognises  Roars Technologies Among The Top IT Consultants in India For 2022,85,"At Roars Technologies, we craft digital experiences that help ambitious brands grow. It has recently come to our attention that Clutch has recognized our service lines in IT and named us among the leading IT consultants in Bengaluru. ",234,title,
https://www.roarsinc.com/work/gisaid-health-tech/,7282,post,yes,GISAID - Health Tech product for COVID,38,We developed tool for GISAID’s health tech for internal team so that they can have the access to the largest database of COVID-19. NCBI API was used to develop this tool to pull data from across the world.,205,desc,
https://www.roarsinc.com/work/the-presidents-club/,7358,post,yes,President''s Club - Customer loyalty program app Development ,61,Experience an innovative Loyalty Program with President's Club's mobile app. Our UI/UX design team creates high-end mobile app solutions to help you engage your customers and build long lasting relationships. Get the latest in customer loyalty program app development with President's Club.,290,desc,
https://www.roarsinc.com/work/flowrow-fitness-app/,7356,post,yes,Fitness App Development | Fitness App Design Case study,55,"We designed on-Demand Fitness App for Rowing, gym membership app and Virtual fitness app for Home Workout.",106,,
https://www.roarsinc.com/work/blelp/,7359,post,yes,Blelp - Customer Rating & Review platform web development,57,Blelp - Read the complete case study of the Instagram Beauty and hair profiles for Customer Ratings and Reviews platform web development.,137,,
https://www.roarsinc.com/our-journal/,885,page,yes,Our Journal – Insights from a Product Development Agency,56,"Explore expert tips, trends, and insights from a top product development agency. Stay updated with our latest thoughts on design, tech, and innovation.",151,,
https://www.roarsinc.com/privacy-policy/,7051,page,yes,Privacy Policy – How Roars Protects Your Data & Privacy,55,"Read our Privacy Policy to learn how Roars collects, uses, and safeguards your data. Your privacy matters and is protected with complete transparency.",150,,
https://www.roarsinc.com/work/,821,page,yes,Our Work – Client Success Stories & Project Case Studies,56,"See how Roars, a leading product development agency, transforms ideas into success. Explore our client testimonials and impactful project case studies.",151,,
https://www.roarsinc.com/industries/retail-ecommerce-development/,5221,industries,yes,eCommerce Development For Web And Mobile App Development,56,Retail eCommerce Development for web and mobile app development for many ecommerce companies to reach their business goals. Contact us for free quote.,150,,
https://www.roarsinc.com/industries/logistics-transportation-app-development/,5230,industries,yes,Transportation and Logistics App Development Company in UK,58,"Track, analyze, and manage your operations with our enterprise logistics & Transportation App Development services in UK. Contact us now!",137,,
https://www.roarsinc.com/industries/education-mobile-app-development/,5233,industries,yes,Education Mobile App Development Company | Roarsinc,51,"Roars has provided UI UX design services for Education Mobile App Development and web development companies, read our case studies to know more.",144,,
https://www.roarsinc.com/s/hire-dedicated-developers/,5692,service,yes,Hire Dedicated Developers In USA | Roars Technologies,53,"Scale and optimise your core business when you hire dedicated developers. Roars Help you the right time, budget and resource ratio to transform your business.",158,,
https://www.roarsinc.com/s/innovation-design-company/,5698,service,yes,"Innovation Design Company in TX, USA | Roars Technologies",57,"We are Innovation Design Company and Innovation Consulting Firms. Build the next-gen products, services, and experiences with innovative design. We are very well-known for creating a positive impact through our innovative design that people love.",246,desc,
https://www.roarsinc.com/s/product-development-company/,5756,service,yes,Product Development Company for Startups & SMEs,47,Roars is an AI-powered product development company helping startups & SMEs build scalable digital products since 2005. From idea to launch — end to end.,152,,
https://www.roarsinc.com/resources/pitching-checklist/,4235,free_stuff,yes,Pitching Checklist - Deliver a powerful pitch,45,The pitching checklist is a tool designed to help you improve your pitch. It contains key elements to include at different points in your storyline. ,149,,
https://www.roarsinc.com/resources/evidence-planning/,4234,free_stuff,yes,Evidence Planning - Defining the outcomes from work,51,The Evidence Planning tool is a quick way to help articulate and improve what you are trying to accomplish.,107,,
https://www.roarsinc.com/resources/swot-analysis/,4209,free_stuff,yes,SWOT Analysis - Evoluting how you doing and options,51,"A SWOT analysis can be carried out for a specific project, organisation or even a whole sector.",95,,
https://www.roarsinc.com/resources/innovation-flowchart/,4208,free_stuff,yes,Innovation Flowchart - Tool helps to you spot opportunities,59,"The Innovation Flowchart gives a detailed overview of the various stages in an innovation process, listing the activities, requirements and goals of each stage.",160,,
https://www.roarsinc.com/resources/business-model-canvas/,4207,free_stuff,yes,Business Model Canvas - what you go about doing,47,"The Business Model Canvas is a one page overview that lays out both what you do (or want to do), and how you go about doing it .",128,,
https://www.roarsinc.com/resources/learning-loop/,4206,free_stuff,yes,Learning Loop | Guides | Problem Discovery | Roars,50,Using Learning Loop tool can help understand the different phases involved when trying to implement your ideas.,111,,
https://www.roarsinc.com/resources/website-redesign-roi-calculator/,4189,free_stuff,yes,Web redisign ROI Calculator - Roars Technologies ,49,Web redisign ROI Calculator can be helpful in finding out how much a lean web design can be helpful for you.,108,,
https://www.roarsinc.com/resources/product-solution-benefit/,4181,free_stuff,yes,Product Solutions – Magical Fixes for Their Problems,52,Product solution benefits helps to find out customer pain points and How you can solve there pain points by giving them magical solutions.,138,,
https://www.roarsinc.com/resources/value-proposition/,4174,free_stuff,yes,Value Proposition – Define Customer Needs & Solutions,53,Value proposition template helps to identitfy problem customer facing while using product and what are solution for them.,121,,
https://www.roarsinc.com/resources/target-group/,4153,free_stuff,yes,Target Group - Gain Better Insight Into The Groups Of People,60,"Target Group is probably best used when you are trying to work out some initial ideas about who you want to cater to, and why.",126,,
https://www.roarsinc.com/resources/business-plan/,4168,free_stuff,yes,Business Plan | Guide | Business Model,38,A Business Plan is often essential when trying to convince potential funders who want to know where their money will be going.,126,,
https://www.roarsinc.com/resources/prototype-testing-plan/,4067,free_stuff,yes,Prototype Testing Plan | Roars Technologies,43,The Prototype Testing plan also helps structure the testing process. It is most efficient if you go through a structured series of steps.,137,,
https://www.roarsinc.com/resources/people-connection-map/,4064,free_stuff,yes,Visualise Stakeholders with People & Connection Map,51,Use the People & Connection Map to clearly visualise your target audience and all related stakeholders. Visualise Your Network of Stakeholders.,143,,
https://www.roarsinc.com/resources/problem-definition/,8061,free_stuff,yes,Problem Definition - How to Write a Problem Statement,53,Problem definition works to both open a problem up – presenting it in a way that can be examined from a number of angles.,121,,
https://www.roarsinc.com/?p=5168,5168,post,no,Tuma- Send money to your loved ones via Mobile Wallet or Bank,61,"Tuma is a leading digital financial service provider for immigrants, enabling users to make person-to-person money transfers to a bank or wallet in over 100 countries. With the help of this platform, immigrants who live in Canada can choose to send money to over 70 currencies.",277,desc,
https://www.roarsinc.com/work/counter-cabinet/,7327,post,yes,Counter Cabinet - The game that gets everyone into politics,59,Counter Cabinet is a political game played between friends. It allows users to select members of their dream presidential cabinet.,130,,
https://www.roarsinc.com/work/onus/,7337,post,yes,Onus - on-demand cab services App | on-demand courier App,57,Onus we designed on-demand cab services App or on-demand Courier App user interface for bettering the user-experience with simplistic look.,139,,
https://www.roarsinc.com/work/friendo-healthcare-mobile-app-development/,7338,post,yes,Mental Healthcare Mobile App Development | Roars,48,"Roarsinc designed and developed Healthcare mobile app development to help people deal with Depression, Anxiety, Mental Wellness and helps people to connect with certified therapist.",181,desc,
https://www.roarsinc.com/work/the-revolver-life-concierge-app/,7339,post,no,The Revolver life is an on-demand concierge app,47,"Designed On-Demand Concierge App for Nomad Traveller for solo Traveller, App helps users to book Hotels, room via app.",118,,
https://www.roarsinc.com/work/les-concierges/,7341,post,yes,Concierge Mobile App | Chatbot App ,35,The Roars product development team put together a neat UX/UI which can be easily used by employees across demographics. We designed concierge mobile app for Les concierges,171,desc,
https://www.roarsinc.com/work/club-social/,7343,post,yes,Membership management App | Club Membership ,44,"We design high end UI/UX for membership management app. Our apps provide modern, intuitive, and user friendly experiences that make membership management easier than ever. Get in touch with us to learn more about how we can help you streamline your membership management today",276,desc,
https://www.roarsinc.com/work/community-social-residential-community-app/,7344,post,yes,Residential Community App Design and Development Company,56,"Residential Community App development casestudy that makes handling residential gated community activities and utilities simple and easy. Roars Technologies, community mobile app development company.",199,desc,
https://www.roarsinc.com/work/addictlab-collabration-tool/,7357,post,no,Creative Collaboration Tool Development Case study,50,"Roarsinc design user-friendly Collaboration Tool for creative people and hubs, Brainstorming technique/ideation process be your own creative lab, Dedicated SDG Research Tool, Workshops, Exhibitions, Publications.",212,desc,
https://www.roarsinc.com/work/gypsy/,7364,post,yes,Location based photo sharing App | Travel App Development,57,Experience a new way of storytelling with We - a location based photo sharing app! Travel and share your stories with photos and videos. Find out more on our social media landing page now,187,desc,
https://www.roarsinc.com/flowrow-featured-fitness-app-2/,7382,attachment,no,Education Mobile App Development Company | Roarsinc,51,"Roars has provided UI UX design services for Education Mobile App Development and web development companies, read our case studies to know more.",144,,
https://www.roarsinc.com/our-journal/what-is-minimum-viable-product/,4473,post,yes,How can a Minimum Viable Product help me?,41,"what a Minimum Viable Product? how it can help your business, and how having a base product can increase cost efficiency and business viability.",144,,
https://www.roarsinc.com/our-journal/an-mvp-can-get-your-startup-funded/,4474,post,yes,How an MVP Can Get Investors to Fund Your Startup | Roars Technologies,70,A minimum viable product can bring some serious funding into your startup. Find out ways create an effect base product and help your business grow fast with investors'' funds.,175,title,
https://www.roarsinc.com/our-journal/wireframes-basics-product-development/,4554,post,yes,Wireframe basics and Importantance in Product Development,57,"Learn more about what are wireframe, the basics, and how important wireframe is during product development and to boost your business.",134,,
https://www.roarsinc.com/our-journal/make-mvp-foolproof/,4584,post,yes,Make Your MVP Foolproof for Your Startup,40,MVP Foolproof - Create an Minimum Viable Product that is fail-proof. Brain stroming questions while designing MVP and how you should implement it?,146,,
https://www.roarsinc.com/our-journal/ux-design-ensures-customer-loyalty/,4595,post,yes,"Strong UX Design ensures customer loyalty, Know how?",52,"Did you know, the top ux design quotient of your app can actually win you customer loyalty, but if not done well it leads to a disaster.",136,,
https://www.roarsinc.com/our-journal/role-personas-play-creating-great-uxui/,4600,post,yes,The Role Personas Play in Creating Great UX / UI Design,55,Personas are revolutionizing the way UX / UI designing is evolving these days. It makes product development easier with a more focused approach.,144,,
https://www.roarsinc.com/our-journal/user-experience-map/,4603,post,yes,What Exactly is an user Experience Map? | UX Design,51,User Experience Map deisng map is as the name suggests a map that tracks the experience of a buyer through the buyer''s journey. Find out how it is connected to the journey.,173,desc,
https://www.roarsinc.com/our-journal/startup-looking-funding-need-know/,4606,post,yes,Startup Looking for Funding Need to Know This | Startup Consultant,66,A startup often looks for funding in order to put its venture on the growth track and boost business. Read what expert Startup Consultation agency has to say.,158,title,
https://www.roarsinc.com/our-journal/user-experience-customer-experience/,4623,post,yes,Difference Between User Experience Vs Customer Experience ,58,"What is the difference between User experience and Customer experience? It is a subset-super set relationship. Which is which, find out here.",141,,
https://www.roarsinc.com/our-journal/one-thing-mvp-no-one-talking/,4629,post,yes,MVP Development: One Thing That No One is Talking About,55,"MVP development is a known concept in the market. But what is that one thing that no one is talking about? Is it functionality, usability or UI/UX design.",154,,
https://www.roarsinc.com/our-journal/minimum-viable-product-mvp-brilliant-success-stories/,4632,post,yes,Minimum Viable Product (MVP) | Brilliant Success Stories,56,"Read about the success stories that a simple MVP brought about for these multi-million dollar companies: Airbnb, Foursquare, Dropbox",132,,
https://www.roarsinc.com/our-journal/3-design-mistakes-ux-designers-avoid/,4636,post,yes,3 Design Mistakes UX Designers Should Always Avoid,50,Avoid these product development and design mistakes to ensure foolproof and attractive products that not only address customer pain-points but creates a loyal customer base.,173,desc,
https://www.roarsinc.com/our-journal/loyalty-reward-program-app/,4649,post,yes,Loyalty Reward Program App | Mobile App Development - Roars,59,The President''s Club is a loyalty reward program app developed and designed by Roars. Get an insight of thinking process of an award winning design agency.,156,,
https://www.roarsinc.com/our-journal/iot-effect-mobile-app-development/,4658,post,yes,Mobile App Development and IoT effect | Roars Technologies,58,IoT has made a profound impact on mobile app development companies leading them to continuously innovate and create functional and useful apps.,143,,
https://www.roarsinc.com/our-journal/data-analytics-delightful-cx/,4683,post,yes,Precursor to Delightful CX with Data Analytics - Roars Technologies,67,"To build customer relationship and delightful customer experience and to know exactly what to sell to whom, data analytics is the key to success.",145,title,
https://www.roarsinc.com/our-journal/ui-color-theme-resonating-client/,4703,post,yes,Is your UI Color Theme Resonating With Your Client? | UI Design Tips,68,Choosing the right UI Color for app interface is crucial to increasing conversions and brand popularity. Know more UI Design insight.,133,title,
https://www.roarsinc.com/our-journal/5-reasons-your-business-needs-an-app/,4712,post,yes,5 Reasons Why App Development is Must for Your Business,55,"Here are 5 reasons why you should consider an app development for your business. An app can increase revenues visibility, customer loyalty and much more for your business.",171,desc,
https://www.roarsinc.com/our-journal/why-typography-matters-in-ux/,4716,post,yes,Why Typography Matters in User Experience Design? | Roars Technologies,70,"Of the factors that go into creating a winning UX design, typography is one. We talk about why it matters, how it can be useful, and errors that should be avoided.",163,title,
https://www.roarsinc.com/our-journal/understanding-blockchain-easy-way/,4722,post,yes,Understanding Blockchain The Easy Way | Blockchain Technology,61,"Learn about Understanding blockchain using simple analogies, how it works, what makes it so secure and what all are the uses of this disruptive technology.",155,,
https://www.roarsinc.com/our-journal/say-hello-chatbots/,4735,post,yes,Say Hello To Chatbots | What are Chatbots | Business Marketing Strategy,71,Chatbots are changing the scene with effective customer engagement and making it easy for businesses to reach out to their target audience.,139,title,
https://www.roarsinc.com/our-journal/blockchain-revolutionise-digital-world/,4748,post,yes,"Blockchain will Revolutionise The World, Know How?",50,"Blockchain is a disruptive technology, it works on a peer-to-peer network and a great example of the trust protocol in the digital world.",137,,
https://www.roarsinc.com/our-journal/create-successful-ux-strategy/,4761,post,yes,Successful User Experience Strategy | Build Your UX Strategy,60,"Top UX strategy can help your customers glide through your website / mobile app interface making lead generation, engagement and conversions easier & efficient.",160,,
https://www.roarsinc.com/our-journal/staying-ahead-pack-automation/,4787,post,yes,Staying Ahead of the Pack with Automation | Product Development,63,Differentiate your business strategy by automating the services offered. Find out how automation can help your business and how to go about it in this post.,156,,
https://www.roarsinc.com/our-journal/blockchain-bitcoin-one-betting-money/,4796,post,yes,Should You Be Put Your Money On Bitcoin?,40,"So, which one should you be betting your money on: bitcoin or blockchain? These disruptive ideas are creating some real storm in the tech world.",144,,
https://www.roarsinc.com/our-journal/what-are-crypto-token/,4802,post,yes,What Are Crypto-Token or Alt coins,34,"Think of crypto-token as a tradable good that you receive by trading in your bitcoins. They could be in the form of anything like certificates, coins, points. ",159,,
https://www.roarsinc.com/our-journal/why-investing-in-ai-powered-platform/,4805,post,yes,Why Investing In An AI-Powered Platform is good | Startup Tips,62,"AI is making inroads into major industries and it''s B2C''s turn next. Does your business have an AI-powered platform ready, yet? Read more startup tips.",153,,
https://www.roarsinc.com/our-journal/people-motivated-by-stories-of-brand/,4808,post,yes,People are Motivated by the Stories Your Brand Tells | Brand Marketing,70,"Stories form an integral part of brand marketing. By telling stories, people connect with you that creates a stronger brand presence.",133,title,
https://www.roarsinc.com/our-journal/business-needs-journey-map/,4812,post,yes,Why Your Business Needs A Journey Map | Business Customer Journey,65,A customer journey map helps you understand how your leads interact with your business at each stage of the buyer''s journey. It''s essential in creating a top user experience.,176,desc,
https://www.roarsinc.com/our-journal/product-designing-goes-beyond-design/,4815,post,yes,Product Designing & Development Goes Beyond Design,50,Product designing consists of a number of skills and roles. Product designing and developing a digital product is not just about creating a rough sketch then adding design aspects to it.,186,desc,
https://www.roarsinc.com/our-journal/native-not-native-difficult-designing-decisions/,4818,post,yes,To Design Native or Not - Difficult Designing Decisions | Design Agency,71,"Often when building apps, designers are faced with a difficult decision. Whether or not to have a native app design. As an award winning design agency know what is the best option?",180,title,
https://www.roarsinc.com/our-journal/building-intuitive-mobile-app/,4886,post,yes,Building Intuitive Mobile App Experiences | User Experience Design,66,Have an innovative business idea? Would you like to build a intuitive mobile app around it? Roars Technologies hepy you for build a intuitive mobile app ,153,title,
https://www.roarsinc.com/our-journal/usability-research-in-ux-designing/,4889,post,yes,What Role Does Usability Research Play in UX Designing?,55,"UX designing is key to an app''s success. If you can hit the bull''s eye with your user experience designing, you can say your app has made it.",143,,
https://www.roarsinc.com/our-journal/will-bitcoin-last-long/,4892,post,yes,How Bitcoin Long Is It Going to Last?,37,"With the continuous speculation that occurs in the bitcoin domain, chances are that quite a few of us have invested or at least, has thought of investing into it",161,,
https://www.roarsinc.com/our-journal/product-idea-can-just-one-week/,4895,post,yes,First step of Product idea Development for your Startup,55,"By testing your product idea first, even before you build your MVP, you can ensure that your prototype is way better prepared before it’s up for testing.",153,,
https://www.roarsinc.com/our-journal/walking-land-ai-machine-learning/,4898,post,yes,Machine Learning - Walking into the Land of Artificial Intelligence,67,"AI and machine learning have become buzz words in the technology arena, these days. As much as they are trending on Google searches and on various social media handles",167,title,
https://www.roarsinc.com/our-journal/ux-can-help-improve-branding-efforts/,4901,post,yes,How Can UX Help You Improve Your Branding?,42,Branding is the first step to introduce your company to the world. The logo is the first glimpse of your company. The website is the ice-breaker and the message you send through your brand marketing efforts is your way to shape how people perceive your company.,261,desc,
https://www.roarsinc.com/our-journal/product-design-thinking/,4904,post,yes,"Product Design Thinking, Why Designers Need To Engage In It?",60,"When creating a product design thinking, designers often think of how to make the product more appealing to the end users. They think of interactive designing, rich features and how to enhance the form of the product.",217,desc,
https://www.roarsinc.com/our-journal/find-right-product-design-innovation/,4907,post,yes,Find The Right Product Design Innovation Agency,47,"Product Design Innovation is key to an app’s success. If you can hit the bull’s eye with your UI / UX designing, you can say your app has made it",145,,
https://www.roarsinc.com/our-journal/ux-driven-approach-important-earning-loyal-consumers/,4935,post,yes,How UX Design Can Help Improve Your Branding Efforts?,53,User Experience Design through website or mobile app is the ice-breaker and the message you send through your brand marketing efforts is your way to shape how people perceive your company.,188,desc,
https://www.roarsinc.com/our-journal/importance-innovation-creating-mvps/,4938,post,yes,The Creating MVPs Importance with Innovation Designs,52,"Innovation is important for disruption and for an innovative disruption to occur, MVPs is your best bet to make sure you are on the right track.",144,,
https://www.roarsinc.com/our-journal/product-innovation-design-agency/,4941,post,yes,How to Find the Right Product Innovation Design Agency?,55,Find the right product innovation design agency that can help turn your product ideas into reality. How you can find the right Design agency?,141,,
https://www.roarsinc.com/our-journal/happy-13/,4944,post,yes,"13 Years of Success, Learning and Agile Improvment",50,"It has been a decade & 13 years full of learnings, experiences, ups and downs, and some tremendous achievements. Roars is now what we had always wanted it to be. A premier product development and boutique branding agency which has swept clients off their feet with winning brands and mind-blowing products.",306,desc,
https://www.roarsinc.com/our-journal/blockchain-undeniable-opportunity/,4947,post,yes,Blockchain Development: Undeniable Opportunity to Revolutionize Business,72,Blockchain development has gained immense popularity due to its wide range applications. Consult Blockchain development company to know how you can take leverage of it?,168,title,
https://www.roarsinc.com/our-journal/product-development-helps-business-truly-engage-customers/,4953,post,yes,How Product Development Consulting Helps Business Truly Engage,62,Our product development consultation guides you with a perfect strategy that will serve towards creating the right product for the target audience.,147,,
https://www.roarsinc.com/our-journal/promoting-seamless-online-interaction-better-ux/,4962,post,yes,UX/UI Consultant: Simplifying User Interaction with Better UX,61,UX/UI consultant helps user-specific design for effortless access. It is right time to think about UX!,102,,
https://www.roarsinc.com/our-journal/steps-towards-success-with-mvp-development/,4968,post,yes,Take the First Steps towards Success with MVP Development | Roars Technologies,78,MVP development helps for progressive evolution and ultimate customer satisfaction and accelerate learning with minimum resource investment.,140,title,
https://www.roarsinc.com/our-journal/shaping-future-ideas-products-unhindered-innovation/,4988,post,yes,Product Innovation Design Agency - Shaping the Future for Unhindered Innovation,79,Product innovation design agency serves businesses worldwide innovative strategies and ideas to achieve the unthinkable.,120,title,
https://www.roarsinc.com/our-journal/startup-business-consultation/,4991,post,yes,Startup Diagnosis with Business Consultation and Product Development,68,"Startup Diagnosis - As Business Consultation and Product Development firm, Roarsinc works directly with clients and help them execute every business operation.",159,title,
https://www.roarsinc.com/our-journal/product-innovation-best-suited-for-customer/,4994,post,yes,Product Innovation Design Agency | Offer Best Suited For Customer Needs,71,"As a Product Innovation Design Agency , Roars suggest their clients to build an idea that satisfies the core of customer demands.",129,title,
https://www.roarsinc.com/our-journal/business-consulting-marked-increase-profits/,4999,post,yes,Hire Business Consulting Firm - Take a Step Towards Success,59,A Business Consulting firm offers great depths of experience and necessary know-how to empower organizations.,109,,
https://www.roarsinc.com/our-journal/roars-now-listed-clutch-manifest/,5002,post,yes,Roars is Now Listed on Clutch & The Manifest,44,"Roars is now listed on Clutch, we are among extensive research of UX designers in India! We are honored to receive a prestigious distinction.",141,,
https://www.roarsinc.com/our-journal/validating-ideas-mvp-development/,5009,post,yes,MVP Development - Validating Ideas with MVP for Product Success,63,As an MVP development firm we believe an untested product can halt progress and sales as the uncertainty of its abilities can reveal flaws when the products have already been delivered to customers.,198,desc,
https://www.roarsinc.com/our-journal/startup-void-with-product-development/,5021,post,yes,Filling the Startup Voids with Product Development Consulting | Roars Technologies,82,Product development company filling the startup voids. Outsourcing turns out to be a viable option & up scales the technical expertise of a startup business.,157,title,
https://www.roarsinc.com/our-journal/ux-consulting-firm-rethink-to-redesign/,5027,post,yes,UX Consulting Firm: Rethink To Redesign for Better User Delight,63,Roars as UX consulting firm strongly recommends to rethink to redesign for better user experience for your business.,116,,
https://www.roarsinc.com/our-journal/service-worth-best-business-marketing/,5039,post,yes,Knowing Product/Service Worth for Best Business Marketing Strategy,66,"Wealth and worth are two different aspects of any business marketing. While one determ_titleines the financial earnings and gains, the other is an estimate of the value or significance.",185,title,
https://www.roarsinc.com/our-journal/top-secret-revealed-start-up-product-development/,5042,post,yes,Startup Product Development - The Top Secret Revealed!,54,"As Startup product development consultant, Roars can confidently say that a successful MVP is the core foundation for every sellable product.",141,,
https://www.roarsinc.com/our-journal/success-with-mvp-development/,5048,post,yes,Maximize Startup Success with MVP Development,45,MVP development isn’t just what is released as the primary market offering but actually is a set of core features that remain embedded within a product forever.,160,,
https://www.roarsinc.com/our-journal/get-inside-customers-head-make-stay/,5057,post,yes,Startup Product Development - How to Get inside Customers’ Head,63,Ideal product development Engaging new customers while retaining old ones is a product development strategy that is directly proportional to business success.,158,,
https://www.roarsinc.com/our-journal/minimum-viable-product-learn/,5061,post,yes,Agile Minimum Viable Product – Learn Faster To Deliver Better!,62,Agile Minimum Viable Product has emerged as the most effective approach to product development because getting the better product in the customer’s hands faster than others is the untold secret of startup success.,213,desc,
https://www.roarsinc.com/our-journal/forward-looking-startup-strategy/,5074,post,yes,Forward Looking Startup Strategy for Future Growth,50,"Learn how a forward looking startup strategy helps you anticipate trends, reduce risks, and drive sustainable business growth.",126,,
https://www.roarsinc.com/our-journal/benefits-of-minimum-viable-product-development/,6928,post,yes,Minimum Viable Product | Benefits Of MVP Development,52,"For the last couple of years, the Minimum viable product has been a crucial asset for business organizations. MVP gives excellent benefits to testing applications in the real world.",181,desc,
https://www.roarsinc.com/our-journal/ecommerce-website-development-process/,6946,post,yes,10 Easy Steps To eCommerce Website Development Process,54,Here we will focus on the foundation of eCommerce website development-related aspects. We will discuss some of the basic steps to developing an E-commerce website.,163,,
https://www.roarsinc.com/our-journal/how-to-hire-dedicated-developers/,6955,post,yes,How To Hire Dedicated Developers | Complete Guide 2022,54,"Hire dedicated developers can be a daunting task, and it''s often difficult to find qualified candidates. Here are some tips to help you prepare.",145,,
https://www.roarsinc.com/our-journal/how-to-make-healthcare-application/,6964,post,yes,9 Step To Make Healthcare Application | Types Of Healthcare App,63,Here Roars Technologies briefly describes the healthcare industry and also talk about how to make healthcare application and types of healthcare apps.,150,,
https://www.roarsinc.com/our-journal/build-cloud-based-saas-application/,6960,post,yes,6 Steps To Build Cloud-Based SaaS Application | Roars Technologies,66,This article will help you build a cloud-based SaaS application by following six steps that are outlined in the blog.,117,title,
https://www.roarsinc.com/our-journal/10-key-things-to-consider-when-doing-uxdesign/,9799,post,yes,10 key things to consider when doing UX Design,46,"UX Design shouldn't ever be an afterthought. From the very first concept, UX should drive design decisions. Find 10 things to keep in mind when designing for UX.",161,,
https://www.roarsinc.com/our-journal/5-key-rules-for-successful-mobile-app-ux-design/,9854,post,yes,Mobile App UX Design: 5 Rules for Better User Experience,56,"Master Mobile App UX Design with 5 simple rules. Create intuitive, fast, and user-friendly apps that improve engagement, performance, and retention.",148,,
https://www.roarsinc.com/our-journal/designing-native-mobile-app-or-bespoke-app-experiences/,9896,post,yes,Designing native mobile app or bespoke app experiences,54,"Learn how to design a native mobile app or bespoke mobile app experience for your business. Understand the differences between native and bespoke, and learn how to create the most engaging and user friendly app for your customers. Get top tips from experienced app developers on how to create an app that will stand out from the crowd.",335,desc,
https://www.roarsinc.com/our-journal/how-to-choose-the-right-type-of-mobile-app-native-app-web-app-or-hybrid-app/,9919,post,yes,"How to Choose the Right Type of Mobile App: Native App, Web App or Hybrid App",77,"Choosing the right type of mobile app development for your product can be difficult. This guide will help you determ_titleine whether Native app, Web app or Hybrid app development is right for you. Learn the pros and cons of each type of mobile app development and which one is best suited to your product's needs.",314,title,
https://www.roarsinc.com/our-journal/5-simple-guidelines-for-mobile-app-design/,9947,post,yes,5 Simple Guidelines for Mobile App Design,41,"Explore five proven mobile app design tips to boost usability, improve performance, and create engaging user experiences that keep customers loyal.",147,,
https://www.roarsinc.com/our-journal/utilizing-sensation-and-perception-in-ux-designing-processes-for-2023/,9971,post,yes,Utilizing Sensation and Perception in UX Designing Processes for 2023,69,"This page provides an overview of sensation and perception and how they can be used as part of the user experience design process. It covers the differences between the two concepts and explains their importance for designers, with examples of how to incorporate them into the UX design process.",295,title,
https://www.roarsinc.com/our-journal/5-phases-involved-in-the-user-design-thinking-approach/,9987,post,yes,5 Phases Involved in the User Design Thinking Approach.,55,"Learn about the five phases involved in the user design thinking approach and how to apply them to create successful user experiences. Gain insights into user research, ideation, prototype creation, user testing, and implementation of the results.",247,desc,
https://www.roarsinc.com/our-journal/how-ux-design-can-revolutionize-healthcare-ux-delivery/,10023,post,yes,UX Design in Healthcare: Transforming Patient Experience,56,"Learn how UX Design in Healthcare enhances patient care, boosts healthcare user experience, and improves healthcare UX design.",126,,
https://www.roarsinc.com/our-journal/designing-a-multilingual-ecommerce-store-key-considerations/,10174,post,yes,Designing a Multilingual eCommerce Store: Key Considerations,60,"Learn the key considerations for designing a multilingual eCommerce store from our expert guide. We cover topics such as how to set up a multilingual eCommerce store, selecting the right languages for your store, and how to ensure that customers have a great experience in their preferred language.",298,desc,
https://www.roarsinc.com/our-journal/deciding-between-responsive-design-and-adaptive-design-pros-cons/,10199,post,yes,,0,We Do High Quality Responsive Design Innovation provides the pros and cons of deciding between Responsive and Adaptive Design. Learn the differences between these two design options and how they can affect your project’s success.,229,desc,
https://www.roarsinc.com/our-journal/8-essential-insights-on-crafting-user-personas-from-user-research-results/,10202,post,yes,8 Essential Insights on Crafting User Personas from User Research Results,73,"From interviewing users to mapping the customer journey, learn 8 essential insights to help inform your user persona creation from user research results. Read on to discover the key considerations for crafting user personas from user research results for successful product design.",281,title,
https://www.roarsinc.com/work/ventura-law-firm/,10207,post,yes,Ventura Law — The Accident Law Firm,35,"Ventura Law firm is a leader in car accident cases in Connecticut and the tri-state area. This case study focuses on the design of the firm’s website and the challenges they faced in developing a user-friendly and efficient experience for their clients. Learn how Ventura Law Firm overcame their challenges and developed a website that helped them gain new clients, increase conversions, and grow their business.",412,desc,
https://www.roarsinc.com/our-journal/6-creative-ways-to-utilize-chatgpt-to-enhance-user-experience/,10310,post,yes,,0,"Discover 6 innovative ways to optimize user experience with ChatGPT on our page. Our high-end user experience design firm specializes in crafting digital experiences that captivate and engage your audience. From chatbots to personalized messaging, ChatGPT can revolutionize the way you interact with your users. Explore our expert insights and take your user experience to the next level.",388,desc,
https://www.roarsinc.com/our-journal/designing-user-centered-experiences-how-to-create-effective-user-journey-map/,10353,post,yes,User journey map | Designing User-Centered Experiences,54,"Learn how to design user-centered experiences with our innovative design agency's product - a user journey map. Discover how to create effective journey maps that will guide your users through a seamless experience, from start to finish. Our expert team will help you design a personalized experience that meets your users' needs, putting them at the center of your design process. Elevate your user experience and drive business success with our user journey map.",464,desc,
https://www.roarsinc.com/our-journal/navigating-the-digital-jungle-why-discoverability-designing-matters-more-than/,10359,post,yes,,0,"Discover how our high-end website and mobile app Designing services can help you navigate the digital jungle with ease. Our expert team understands the importance of discoverability design in today's digital landscape, and we're here to help you stand out from the crowd. From user-friendly interfaces to intuitive navigation, we'll help you create a digital presence that engages and delights your audience. Contact us today to learn more.",440,desc,
https://www.roarsinc.com/our-journal/the-power-of-microinteractions-elevating-user-experience-through-small-but-impactful-details/,10444,post,yes,The Power of Microinteractions: Elevating User Experience through Small but Impactful Details,93,"Learn how small details can make a big impact on user experience with The Power of Microinteractions. Discover the benefits of well-crafted microinteractions and how they can create more engaging, intuitive, and enjoyable interactions for users. Explore examples and best practices to elevate your design game.",310,title,
https://www.roarsinc.com/our-journal/mastering-the-art-of-voice-design-overcoming-challenges-to-create-seamless-voice-user-interface/,10456,post,yes,Mastering the Art of Voice Design: Overcoming Challenges to Create Seamless voice user interface,96,"Learn how to master the art of voice design and create seamless VUIs with our comprehensive guide. Discover the challenges and opportunities of designing for voice user interfaces, and get expert tips for delivering exceptional user experiences that surpass expectations. Whether you're a seasoned designer or a newcomer to VUIs, this page is your go-to resource for creating engaging and intuitive voice interactions that leave a lasting impression.",450,title,
https://www.roarsinc.com/our-journal/the-dark-side-of-ux-design-how-dark-mode-is-revolutionizing-user-experience/,10457,post,yes,The Dark Side of UX Design: How Dark Mode is Revolutionizing User Experience,76,"Discover the latest trend in UX design with our article, The Dark Side of UX Design: How Dark Mode is Revolutionizing User Experience. Learn how dark mode can enhance your user's experience by reducing eye strain, conserving battery life, and providing a sleek aesthetic. Get expert tips and considerations for implementing dark mode effectively and take your design to the next level. Join the dark side and improve your user's experience today!",446,title,
https://www.roarsinc.com/our-journal/from-empathy-to-iteration-the-stages-of-design-thinking-for-successful-product-development/,10481,post,yes,From Empathy to Iteration: The Stages of Design Thinking for Successful Product Development,91,"Learn how design thinking can transform your product development process. Explore the stages of design thinking, from empathy to iteration, and discover how it can help your team build successful products. Empathize with users, define problem statements, ideate solutions, prototype and iterate your way to a successful product outcome.",336,title,
https://www.roarsinc.com/our-journal/the-art-of-engaging-users-a-guide-to-optimizing-ux-design-for-ecommerce-websites/,10495,post,yes,The Art of Engaging Users: A Guide to Optimizing UX Design for Ecommerce Websites,81,"Learn how to optimize UX Design for Ecommerce websites with our comprehensive guide, ""The Art of Engaging Users."" From driving conversions to increasing customer satisfaction, we provide valuable insights on designing user-friendly experiences that keep shoppers engaged and coming back for more. Discover the key elements of successful e-commerce design and take your online store to the next level.",400,title,
https://www.roarsinc.com/our-journal/gym-2-0-ai-robotics-fitness-experience/,10607,post,yes,Gym 2.0: How AI & Robotics are Redefining the Fitness Experience,64,"Discover how Gym 2.0 is leveraging AI and robotics to redefine the fitness experience. From VR workouts to AI trainers and wearable advancements, explore how emerging technologies are revolutionizing the way we approach fitness and wellness. Join the fitness revolution and stay ahead of the curve with Gym 2.0.",311,desc,
https://www.roarsinc.com/our-journal/cracking-the-code-how-ux-psychology-powers-success-insights-from-a-premier-ux-agency/,10716,post,yes,Cracking the Code: How UX Psychology Powers Success – Insights from a Premier UX Agency,87,Explore the fascinating world of UX psychology and learn how our UX agency leverages it to create compelling user experiences.,126,title,
https://www.roarsinc.com/schedule-ux-ui-meeting/,10725,page,yes,Schedule UX UI Meeting with Leading Design Agency Roars,55,Connect with a top UI and UX Design Agency. Schedule UX UI meeting today to discuss your product vision and design goals with Roars’ expert team.,145,,
https://www.roarsinc.com/our-journal/crafting-one-of-a-kind-experiences-the-power-of-personalization-in-ux-design-2/,10733,post,yes,Crafting One-of-a-Kind Experiences: The Power of Personalization in UX Design,77,Explore the significance of Personalization in UX and how it contributes to user satisfaction. Learn how our UX agency tailors digital experiences to meet the unique needs of individuals.,187,title,
https://www.roarsinc.com/?p=10751,10751,post,no,Cracking the Code: How Neuromarketing Influences UX Design,58,Dive into the world of neuromarketing and understand how UX design can be optimized based on cognitive responses. Discover practical insights for creating user experiences that resonate with the human brain.,207,desc,
https://www.roarsinc.com/terms-of-service/,5886,page,yes,Terms of Service – Roars Product Development Agency,51,"Read the Terms of Service for using Roars, a trusted product development agency. Understand your rights, responsibilities, and usage policies clearly.",150,,
https://www.roarsinc.com/terrapay-payment-api-integration-services/,10997,page,yes,Elevate Your Fintech Startup with Seamless Terrapay API Integration,67,"Explore hassle-free Terrapay API integration designed for both startups and enterprises. Unlock the power of user-friendly cross-border payments, mobile app integration, and seamless global transactions for your fintech business.",229,title,
https://www.roarsinc.com/our-journal/game-on-how-gamification-is-reshaping-user-experience-and-engagement/,11220,post,yes,How Gamification is Reshaping User Experience and Engagement,60,Explore the incorporation of game elements in UX design and its impact on user engagement. Learn how our UX agency leverages gamification strategies for a more interactive and enjoyable user experience.,202,desc,
https://www.roarsinc.com/work/gymbait-2/,11300,post,no,AI Gym App UK | Roars Tech Transforms Fitness Experience,56,"Explore how Roars Tech reshaped UK fitness with an AI gym app. User-focused design, smart features, and real results for busy pros and fitness lovers alike.",156,,
https://www.roarsinc.com/vision-pro-app-development/,11328,page,yes,Vision Pro App Development Services for Future-Ready Brands,59,"Expert Vision Pro app development to create immersive, next-gen apps tailored for innovative brands. Partner with Roars for visionary digital solutions.",152,,
https://www.roarsinc.com/our-journal/the-future-of-digital-marketing-for-financial-services-trends-and-strategies/,11525,post,yes,Future of Digital Marketing for Financial Services,50,"Explore key trends and strategies shaping digital marketing for financial services. Learn how financial firms can innovate, adapt, and stay competitive.",152,,
https://www.roarsinc.com/our-journal/digital-transformation-in-healthcare-embracing-innovation-for-better-patient-care/,11529,post,yes,,0,"Explore how digital transformation is revolutionizing the healthcare industry. Learn about the latest technology trends, benefits, and innovative solutions improving patient care.",179,desc,
https://www.roarsinc.com/?p=11533,11533,post,no,,0,"Discover how digital solutions are transforming the retail industry. Learn about technology trends, customer experience enhancements, and the future of retail shopping.",168,desc,
https://www.roarsinc.com/our-journal/ai-in-fintech-how-artificial-intelligence-is-revolutionizing-financial-services/,11854,post,yes,How AI in FinTech Is Transforming Financial Services,52,"Explore how AI in FinTech is revolutionizing financial services with smarter automation, risk assessment, and personalized customer experiences.",144,,
https://www.roarsinc.com/our-journal/end-to-end-development-seamlessly-transforming-concepts-into-market-ready-products/,11883,post,yes,End-to-End Development: From Ideas to Market-Ready Products,59,"Explore how end-to-end product development turns ideas into market-ready solutions through strategy, collaboration, and continuous innovation.",142,,
https://www.roarsinc.com/our-journal/end-to-end-development-seamlessly-transforming-concepts-into-market-ready-products-2/,11886,post,yes,End-to-End Development: From Concept to Market Success,54,"Discover how End-to-End Development transforms ideas into market-ready products with seamless strategy, collaboration, and real-world execution.",144,,
https://www.roarsinc.com/our-journal/revolutionizing-mobile-app-development-in-2025-essential-strategies/,11972,post,yes,Top Strategies for Mobile App Development Success in 2025,57,"Explore key strategies for revolutionizing mobile app development in 2025. Discover top trends, technologies, and best practices for building successful apps.",158,,
https://www.roarsinc.com/our-journal/strategic-product-alignment-8-essential-practices-to-connect-products-with-business-success/,12202,post,yes,8 Practices for Strategic Product & Business Alignment,54,Explore 8 essential practices for strategic product alignment to connect product goals with business outcomes and drive growth through smarter execution.,153,,
https://www.roarsinc.com/work/companyguru/,12217,post,yes,Simplifying Company Registration with Companyguru,49,"See how Roars Technologies streamlined registration for CompanyGuru, creat an user-friendly platform that simplifies ASIC compliance for Aussie entrepreneurs.",158,,
https://www.roarsinc.com/work/advisee/,12333,post,yes,How Roars Revamped Advisee’s UX & Branding Success Story,56,"See how Roars transformed Advisee’s brand with smart UX/UI, strategic design, and WordPress dev to build a seamless, trusted investment platform.",145,,
https://www.roarsinc.com/ui-ux-design-services-london/,12953,page,yes,UI and UX Design Agency London | UX design services London,58,"Looking for a UI and UX Design Agency London? We craft intuitive, user-first digital experiences. Explore expert UX design services tailored for London brands.",159,,https://www.roarsinc.com/wp-content/uploads/2025/04/ux-ui-london-services.jpg
https://www.roarsinc.com/our-journal/what-is-product-consulting-ux-agencies-as-strategic-partners/,13312,post,yes,What Is Product Consulting UX Agencies As Strategic Partners,60,"Discover how product consulting and UX agencies help build smarter, user-focused digital products by shaping product strategy, MVPs, and market success.",152,,
https://www.roarsinc.com/our-journal/why-invest-in-ux-design-services-essential/,13695,post,yes,UX Design Services That Drive Growth & Digital Success,54,"Unlock the power of UX design services to boost engagement, performance, and loyalty. Work with a trusted UX design agency for superior results.",144,,
https://www.roarsinc.com/ui-and-ux-design-agency-manchester/,13699,page,yes,UI and UX Design Agency Manchester | UX Design Agency Manchester,64,Top UI and UX design agency in Manchester delivering user-focused digital experiences. Boost engagement with expert UX design services.,135,,
https://www.roarsinc.com/ui-and-ux-design-agency-birmingham/,13725,page,yes,UI and UX Design Agency Birmingham - Roars Technology,53,"Leading UI and UX design agency Birmingham offering tailored digital experiences. Improve usability, boost engagement, and elevate your brand.",142,,
https://www.roarsinc.com/product-development-agency-in-manchester/,13755,page,yes,Top Product Development Agency in Manchester | Roars,52,"Partner with the leading product development agency in Manchester. Roars offers expert product design, prototyping & digital solutions tailored to your business.",161,,
https://www.roarsinc.com/product-development-agency-in-london/,13784,page,yes,Product Development Agency in London | Product Design Company in London,71,"Top Product Development Agency in London and trusted Product Design Company in London delivering end-to-end product strategy, UX design, and development solutions.",163,title,
https://www.roarsinc.com/product-development-agency-in-birmingham/,13790,page,yes,Product Development Agency in Birmingham | Product Design Company,65,"Leading Product Development Agency in Birmingham and expert Product Design Company offering full-cycle product strategy, design, prototyping, and development services.",167,desc,
https://www.roarsinc.com/our-journal/user-experience/ux-design-principles-designers-must-know-3/,13851,post,no,10 UX Design Principles Every Designer Must Know in 2025,56,"Master the top 10 UX design principles for 2025. Learn how timeless user experience guidelines help you build intuitive, user-first digital products.",149,,
https://www.roarsinc.com/?p=13857,13857,post,no,Product Development Process Explained with Real Examples,56,"Explore the complete product development process, stages, steps, and phases—plus a real-world example to help you build smarter digital products.",145,,
https://www.roarsinc.com/our-journal/understanding-the-product-development-process/,13908,post,yes,Product Development Process Explained with Real Examples,56,"Explore the complete product development process, stages, steps, and phases—plus a real-world example to help you build smarter digital products.",145,,https://www.roarsinc.com/wp-content/uploads/2025/05/product-development-process.png
https://www.roarsinc.com/ui-ux-design-services-bristol/,13963,page,yes,Best UI UX Design Agency in Bristol to Boost Your Digital Product,65,"Partner with a trusted UI UX design agency in Bristol that puts users first, leveraging behavioral insights and strategic design for measurable ROI.",148,,
https://www.roarsinc.com/our-journal/saas-ux-design-how-to-build-products-that-users-actually-want-to-pay-for/,14057,post,yes,SaaS UX Design: Build Better Products That Drive Retention and Revenue,70,"Discover how great SaaS UX design enhances onboarding, reduces churn, and boosts product loyalty. Learn best practices, features, and personal insights.",152,title,
https://www.roarsinc.com/?p=14132,14132,post,no,AI + UX: Designing Trustworthy AI User Experiences,50,"Explore how AI and UX intersect to build ethical, user-friendly interfaces. Learn AI user experience, interface design, and trust-driven strategies.",148,,
https://www.roarsinc.com/our-journal/ai-ux-in-harmony-elevating-ai-user-experience/,14152,post,yes,AI + UX: Designing Trustworthy AI User Experiences,50,"Explore how AI and UX intersect to build ethical, user-friendly interfaces. Learn AI user experience, interface design, and trust-driven strategies.",148,,
https://www.roarsinc.com/our-journal/top-fintech-marketing-trends-that-drive-growth/,14183,post,yes,Top 10 FinTech Marketing Trends to Watch for Massive Growth,59,"Discover the top 10 FinTech marketing trends that are transforming financial services. Learn how digital strategies can drive growth, engagement, and ROI.",154,,
https://www.roarsinc.com/work/concierge-loyalty-program/,14240,post,yes,AI concierge platform with full-stack web solutions,51,"Discover how Roars developed an AI-powered concierge loyalty platform with personalized rewards, automation, and white-label flexibility for luxury and enterprise clients.",171,desc,
https://www.roarsinc.com/work/parqly-parking-solution/,14556,post,yes,Smart Parking App Design & Development – Parqly by Roars,56,"Explore how Roars crafted a seamless smart parking app for Parqly with intuitive UX, advanced tech, and real-time parking solutions for urban mobility.",151,,
https://www.roarsinc.com/our-journal/user-experience/how-ai-is-transforming-user-experience-design-in-2025/,14728,post,no,AI in User Experience Design 2025: Future Trends & Innovations,62,"Discover how AI is transforming user experience design with hyper-personalization, predictive analytics, design automation, multimodal interfaces, and accessibility solutions.",175,desc,
https://www.roarsinc.com/our-journal/how-ai-is-transforming-user-experience-design/,14737,post,yes,How AI Is Transforming User Experience Design,45,"Discover how AI is reshaping user experience design in 2025. Learn about AI-driven personalization, automation, predictive analytics, and smarter interfaces that are redefining UX strategies.",191,desc,
https://www.roarsinc.com/our-journal/top-10-growth-hacking-strategies-for-startups-in-digital-commerce/,14786,post,yes,Top 10 Growth Hacking Strategies for Startups in Digital Commerce,65,Discover the best growth hacking strategies for startups in digital commerce. Learn 10 proven tactics to boost growth with expert guidance.,139,,
https://www.roarsinc.com/our-journal/the-unexpected-insight-we-built-a-meal-planning-app/,14798,post,yes,The Unexpected Insight -We built a meal planning app,52,"Learn why successful products must iterate as they scale. Discover how data-driven evolution from 500 to 50,000 users transforms product strategy and technical architecture.",173,desc,
https://www.roarsinc.com/work/warehouse-compliance-checklist-app/,14856,post,yes,Logistics Operations Management Platform | Warehouse Compliance Software Case Study | Roars,91,"Discover how Roars built a scalable logistics operations management platform for Snowman, transforming warehouse checklists, compliance tracking, and real-time reporting into a centralized, auditable system designed for operational control and long-term scalability.",266,title,
https://www.roarsinc.com/our-journal/20-years-of-roars-built-on-purpose-driven-by-impact/,15155,post,yes,,0,"Roars turns 20. No highlight reel. Just the real lessons from two decades of building digital products — what worked, what didn't, and what we're still figuring out.",165,,
https://www.roarsinc.com/our-journal/ai-app-development-vs-traditional-app-development-which-is-better-for-customer-engagement/,15170,post,yes,AI App Development vs Traditional: Customer Engagement in 2026,62,Discover how AI-powered apps achieve 62% higher engagement and 4x better conversions than traditional apps. Learn which approach drives real customer engagement in 2026.,169,desc,
https://www.roarsinc.com/s/ai-automation-services/,15181,service,yes,AI Automation Services | Custom Agents & Workflow Integration | Roars,69,"We build AI agents and workflow automation that actually works. Custom RAG systems, document intelligence, and LLM integrations for teams tired of AI theater. See real results in 3-6 weeks.",189,title,
